channel,total_revenue,total_spend,roas
Affiliate,27056.63,8724.83,3.1011068410502
Display,163128.57,107338.19,1.51976263061637
Email,219341.66,115249.14,1.90319563339041
Search Engine,159375.59,92338.09,1.72600050531693
Social Media,55412.44,28786.71,1.92493133115941
Unattributed,153833.02,0,
